{"cameraMode":{"drawMode":0,"name":"Shaded","section":"Shading Mode"},"sceneLighting":true,"audioPlay":false,"sceneViewState":{"m_AlwaysRefresh":false,"showFog":true,"showSkybox":true,"showFlares":true,"showImageEffects":true,"showParticleSystems":true,"showVisualEffectGraphs":true,"m_FxEnabled":true},"in2DMode":false,"pivot":{"x":2.3444442749023439,"y":-0.04699013754725456,"z":1.6150758266448975},"rotation":{"x":0.000859943509567529,"y":-0.6951290965080261,"z":0.7188863754272461,"w":0.0008315356681123376},"size":4.330805778503418,"orthographic":true}